{"cameraMode":{"drawMode":0,"name":"Shaded","section":"Shading Mode"},"sceneLighting":true,"audioPlay":false,"sceneViewState":{"m_AlwaysRefresh":false,"showFog":true,"showSkybox":true,"showFlares":true,"showImageEffects":true,"showParticleSystems":true,"showVisualEffectGraphs":true,"m_FxEnabled":true},"in2DMode":false,"pivot":{"x":-0.43323826789855959,"y":4.094359397888184,"z":-16.79477882385254},"rotation":{"x":-0.0003880234726238996,"y":0.9990888833999634,"z":-0.009301550686359406,"w":-0.04168578237295151},"size":15.9548978805542,"orthographic":false}